{"mean":{"confidence_interval":{"confidence_level":0.95,"lower_bound":-0.42804550058686386,"upper_bound":-0.353675854911071},"point_estimate":-0.39148693996038286,"standard_error":0.018812856618517466},"median":{"confidence_interval":{"confidence_level":0.95,"lower_bound":-0.43678794401966015,"upper_bound":-0.37169814253624134},"point_estimate":-0.41195438644346705,"standard_error":0.016029262622842485}}