{"mean":{"confidence_interval":{"confidence_level":0.95,"lower_bound":140.65165757643842,"upper_bound":146.54787326836342},"point_estimate":143.35219117791988,"standard_error":1.5062682960158154},"median":{"confidence_interval":{"confidence_level":0.95,"lower_bound":136.1663376574544,"upper_bound":141.4336744285983},"point_estimate":138.8354466517655,"standard_error":1.5071532430575785},"median_abs_dev":{"confidence_interval":{"confidence_level":0.95,"lower_bound":4.147342223752007,"upper_bound":10.243452279803565},"point_estimate":6.978627810642218,"standard_error":1.6630257781501312},"slope":{"confidence_interval":{"confidence_level":0.95,"lower_bound":143.06015230532364,"upper_bound":152.41375861868048},"point_estimate":147.57624256629768,"standard_error":2.3930333030870177},"std_dev":{"confidence_interval":{"confidence_level":0.95,"lower_bound":9.005977664378689,"upper_bound":21.416893587766218},"point_estimate":15.15054450278934,"standard_error":3.342218605028112}}