{"mean":{"confidence_interval":{"confidence_level":0.95,"lower_bound":-0.36823547988782546,"upper_bound":-0.3137066374730754},"point_estimate":-0.3426695467488905,"standard_error":0.013897474713751277},"median":{"confidence_interval":{"confidence_level":0.95,"lower_bound":-0.3550751957342144,"upper_bound":-0.3070944440636869},"point_estimate":-0.3365644636738939,"standard_error":0.012573965264117637}}