{"mean":{"confidence_interval":{"confidence_level":0.95,"lower_bound":289.4369233633135,"upper_bound":301.272258430949},"point_estimate":295.2275707333221,"standard_error":3.020584060674256},"median":{"confidence_interval":{"confidence_level":0.95,"lower_bound":278.888952934797,"upper_bound":295.7889061938421},"point_estimate":285.01183275877776,"standard_error":3.8186054078878073},"median_abs_dev":{"confidence_interval":{"confidence_level":0.95,"lower_bound":19.18442373560489,"upper_bound":36.348675252646125},"point_estimate":28.068096093143687,"standard_error":4.396943346632734},"slope":{"confidence_interval":{"confidence_level":0.95,"lower_bound":279.55011511496724,"upper_bound":290.74898001791087},"point_estimate":284.71693337069365,"standard_error":2.849867173845005},"std_dev":{"confidence_interval":{"confidence_level":0.95,"lower_bound":25.98234342678486,"upper_bound":34.45756447007274},"point_estimate":30.45448352419342,"standard_error":2.1566242740914388}}