{"mean":{"confidence_interval":{"confidence_level":0.95,"lower_bound":-0.003177951942955719,"upper_bound":0.021148393986431424},"point_estimate":0.008181121296897853,"standard_error":0.006219511541498004},"median":{"confidence_interval":{"confidence_level":0.95,"lower_bound":-0.005369389425343596,"upper_bound":0.01614080810810803},"point_estimate":0.008379637215251146,"standard_error":0.005569162270344666}}