{"mean":{"confidence_interval":{"confidence_level":0.95,"lower_bound":-0.11295674643444577,"upper_bound":-0.09630978365458388},"point_estimate":-0.10426749553046732,"standard_error":0.004246089783199285},"median":{"confidence_interval":{"confidence_level":0.95,"lower_bound":-0.10017409270661914,"upper_bound":-0.08840605021832126},"point_estimate":-0.09470754116574831,"standard_error":0.00289315411762871}}