{"mean":{"confidence_interval":{"confidence_level":0.95,"lower_bound":-0.08581997474573018,"upper_bound":-0.07356655508541887},"point_estimate":-0.07982881688890697,"standard_error":0.0031159369500452535},"median":{"confidence_interval":{"confidence_level":0.95,"lower_bound":-0.08165675688260643,"upper_bound":-0.07047541331690124},"point_estimate":-0.07471667286095829,"standard_error":0.0029101179510063763}}