{"mean":{"confidence_interval":{"confidence_level":0.95,"lower_bound":-0.09079870268771617,"upper_bound":-0.06907726982289356},"point_estimate":-0.08058758777258701,"standard_error":0.005545173251660533},"median":{"confidence_interval":{"confidence_level":0.95,"lower_bound":-0.09395841147004635,"upper_bound":-0.07813202781715045},"point_estimate":-0.08785285515849084,"standard_error":0.0041517868564656946}}