{"mean":{"confidence_interval":{"confidence_level":0.95,"lower_bound":19051.527055391256,"upper_bound":19793.332287365527},"point_estimate":19372.65235625163,"standard_error":192.51118464114592},"median":{"confidence_interval":{"confidence_level":0.95,"lower_bound":18700.56322162771,"upper_bound":18960.98113207547},"point_estimate":18832.932243306896,"standard_error":60.67883759701665},"median_abs_dev":{"confidence_interval":{"confidence_level":0.95,"lower_bound":326.3077059589981,"upper_bound":634.2387025882924},"point_estimate":495.2353903054362,"standard_error":84.91065696486928},"slope":{"confidence_interval":{"confidence_level":0.95,"lower_bound":18851.55601349189,"upper_bound":19201.80994497225},"point_estimate":19010.757460595396,"standard_error":89.6055545959896},"std_dev":{"confidence_interval":{"confidence_level":0.95,"lower_bound":884.1853598827472,"upper_bound":2968.7514900588503},"point_estimate":1940.9720100974328,"standard_error":613.5539816953318}}