{"mean":{"confidence_interval":{"confidence_level":0.95,"lower_bound":-0.045327527288075375,"upper_bound":-0.011028506737211938},"point_estimate":-0.029819597165161027,"standard_error":0.008808801607379048},"median":{"confidence_interval":{"confidence_level":0.95,"lower_bound":-0.04805260974271819,"upper_bound":-0.031834448478402555},"point_estimate":-0.0393697449903293,"standard_error":0.004288228079948331}}