{"mean":{"confidence_interval":{"confidence_level":0.95,"lower_bound":-0.019963968170890745,"upper_bound":0.02066950611350071},"point_estimate":-0.0007360133410636571,"standard_error":0.010665988377592124},"median":{"confidence_interval":{"confidence_level":0.95,"lower_bound":-0.02189781573607341,"upper_bound":-0.0031894360274762334},"point_estimate":-0.01383265466680117,"standard_error":0.004685040124308994}}