{"mean":{"confidence_interval":{"confidence_level":0.95,"lower_bound":-0.45303113703618636,"upper_bound":-0.3584713999737631},"point_estimate":-0.40688358427350313,"standard_error":0.02418538114051902},"median":{"confidence_interval":{"confidence_level":0.95,"lower_bound":-0.3897249603340952,"upper_bound":-0.3175459723941051},"point_estimate":-0.3498495125343912,"standard_error":0.017262474234237747}}