{"mean":{"confidence_interval":{"confidence_level":0.95,"lower_bound":-0.2949457126906438,"upper_bound":-0.21506500218525054},"point_estimate":-0.2565679405597606,"standard_error":0.020413692807002788},"median":{"confidence_interval":{"confidence_level":0.95,"lower_bound":-0.28790882391969963,"upper_bound":-0.20166364894567612},"point_estimate":-0.24200506967312696,"standard_error":0.019816257482065697}}